urgent,buy,change,sell,price,gift,search,repair,parts,synt_brand,description,user,city,published,expire,date_scrapped,seen,anon_user
0,0,0,1,0,0,0,0,0,ensoniq,ensoniq mc-32 ,cvsequencer,Barcelona,2022/09/12,2023/01/25,2022/12/31,299,1188
0,1,0,0,0,0,0,0,1,roli,"roli seaboard block, funcionando o para ",dave,Cádiz,2022/11/30,2023/01/29,2022/12/31,149,416
0,0,0,1,0,0,0,0,0,elektron,elektron sps-1 mk-i ,fine,Pontevedra,2022/11/28,2023/01/30,2022/12/31,316,418
0,0,0,1,0,0,0,0,0,akai,akai mpk 225 ,jazzman78,Madrid,2022/12/10,2023/01/27,2022/12/31,162,874
0,0,0,1,0,0,0,0,0,empress,zoia empress ,n.roman,Valladolid,2022/12/27,2023/02/25,2022/12/31,134,697
0,0,0,1,0,0,0,0,0,instruments,kordbot isla instruments ,IK3R,Barcelona,2022/02/25,2023/01/30,2022/12/31,1519,281
0,0,0,1,0,0,0,0,0,roland,roland d-50 ,7ºDisminuido,Málaga,2022/12/10,2023/01/26,2022/12/31,320,1286
0,0,0,1,0,0,0,0,0,audio,udo audio super 6 blue ,Miguel,Málaga,2022/12/10,2023/01/27,2022/12/31,268,611
0,0,0,1,0,0,0,0,0,dave smith ,prophet 08 pe ,roy242,Valencia,2022/11/23,2023/01/25,2022/12/31,694,498
0,0,0,1,0,0,0,0,0,4ms,4ms quad pingable lfo+quad clock distributor ,Replicante,Barcelona,2021/10/09,2023/01/28,2022/12/31,1458,1031
0,0,1,0,0,0,0,0,0,teenage engineering ,korg microkorg xl plus por op-z ,Injuve,Pontevedra,2022/10/24,2023/01/28,2022/12/31,438,625
0,0,0,1,0,0,0,0,0,neutron,neutron semimodular analógico ,sasl,Valencia,2021/02/15,2023/01/27,2022/12/31,1532,435
0,0,0,1,0,0,0,0,0,mpc,stand akai mpc live 1 fuera stock env incl ,PETZOO,Cádiz,2022/03/09,2023/01/26,2022/12/31,979,481
0,0,0,1,0,0,0,0,0,moog,moog voyager + vx351 + cp251 ,Ablektro,Barcelona,2022/12/26,2023/01/29,2022/12/31,222,820
0,0,0,1,0,0,0,0,0,roland,tarjetas roland sn-u110 02 y 12 ,Onyar,Girona,2022/01/02,2023/01/25,2022/12/31,889,521
0,0,0,1,0,0,0,0,0,yamaha,yamaha rx8 con envío ,Josep Thió,Girona,2022/12/29,2023/02/28,2022/12/31,162,1081
1,0,0,1,0,0,0,0,0,system,roland system 8 ,funkytime,Barcelona,2022/10/09,2023/01/29,2022/12/31,725,988
0,0,0,1,0,0,0,0,0,arturia,arturia drumbrute ,PABLO,Málaga,2022/12/25,2023/02/23,2022/12/31,114,366
0,0,0,1,0,0,0,0,0,korg,sintetizador va korg ms2000r ,Pablo,Madrid,2022/10/09,2023/01/26,2022/12/31,1101,494
0,0,0,1,0,0,0,0,0,doepfer,doepfer a-100lc3v low cost case vintage edition ,Storm,Bizkaia,2022/05/25,2023/01/26,2022/12/31,1157,533
0,1,0,0,0,0,0,0,0,behringer,behringer ms-1 bk ,eTorr,Bizkaia,2022/12/03,2023/01/28,2022/12/31,182,524
0,0,0,1,0,0,0,0,0,octatrack,elektron octatrack mki + 2 tarjetas 64gb y 16gb ,Javier m,Córdoba,2022/10/12,2023/01/29,2022/12/31,415,750
0,0,0,1,0,0,0,0,0,-,modal argon8 ,Storm,Bizkaia,2021/03/29,2023/01/26,2022/12/31,4807,533
0,0,0,1,0,0,0,0,0,nord lead ,3 ,M.E.M.O.,Málaga,2022/12/24,2023/02/19,2022/12/31,344,486
0,0,0,1,0,0,0,0,0,-,asm hydrasynth ,sasl,Valencia,2021/09/03,2023/01/26,2022/12/31,3758,435
0,0,0,1,0,0,0,0,0,noise,basimilus iteritas alter noise engineering ,taikpod,Barcelona,2022/12/29,2023/02/27,2022/12/31,84,748
0,0,0,1,0,0,0,0,0,nord lead ,clavia 4r ,Beached,Baleares,2022/04/23,2023/01/25,2022/12/31,1755,668
0,0,0,1,0,0,0,0,0,eurorack,toms 000 eurorack ,liradigital MRF,Madrid,2022/07/22,2023/01/27,2022/12/31,808,1419
0,0,0,1,0,0,0,0,0,roland,roland xv 5080 actualizado ,7ºDisminuido,Málaga,2022/02/05,2023/01/26,2022/12/31,2926,1286
0,0,0,1,0,0,0,0,0,vermona,órgano vermona et6-1 ,polypodium,Madrid,2022/12/24,2023/01/29,2022/12/31,332,1106
0,0,0,1,0,0,0,0,0,volca,korg volca sample mk1 pajen firmware ,Øliveira,Pontevedra,2022/12/29,2023/02/27,2022/12/31,86,964
0,0,0,1,0,0,0,0,0,roland,sintetizador roland spv-355 ,finess7,Huelva,2022/08/20,2023/01/27,2022/12/31,987,703
0,0,0,1,0,0,0,0,0,-,manual impreso mc909 en español ,bioroide,Madrid,2022/10/11,2023/01/26,2022/12/31,206,845
0,0,0,1,0,0,0,0,0,yamaha,yamaha sy77 ,moog1406,Girona,2022/03/16,2023/01/26,2022/12/31,1141,637
0,0,0,1,0,0,0,0,0,nord lead ,sonidos custom para a1 ,Kurzleader,Cuenca,2018/04/11,2023/01/28,2022/12/31,3565,1049
0,0,0,1,0,0,0,0,0,eurorack,modulos eurorack rebajados ,tomiwilli,Madrid,2022/10/03,2023/01/25,2022/12/31,1700,986
0,0,0,1,0,0,0,0,0,behringer,behringer monopoly ,moog1406,Girona,2022/03/18,2023/01/27,2022/12/31,698,637
0,0,0,1,0,0,0,0,0,black corporation ,deckard’s voice ,Aponsa,Barcelona,2022/12/10,2023/02/07,2022/12/31,386,610
0,0,0,1,0,0,0,0,0,poly,korg poly 61 m rebajado unos dias ,Aguilar242,Navarra,2022/10/23,2023/01/30,2022/12/31,824,861
0,0,0,1,0,0,0,0,0,eurorack,eurorack modulos ,ion,Valencia,2022/10/12,2023/01/29,2022/12/31,2076,326
0,0,0,1,0,0,0,0,0,eurorack,"módulo eurorack ""2hp snare"" ",f77,Barcelona,2022/12/17,2023/02/28,2022/12/31,120,212
0,0,0,1,0,0,0,0,0,studio,studio electronics atc-1 2600 filter cartridge ,FZappy,Barcelona,2021/09/21,2023/01/28,2022/12/31,1006,602
0,0,0,1,0,0,0,0,0,-,studiologic sl 73 mixface ,johse,Madrid,2022/12/10,2023/01/28,2022/12/31,341,537
0,0,0,1,0,0,0,0,0,-,prophet rev 2 - 8 ,antonio89,Granada,2022/12/27,2023/02/26,2022/12/31,118,873
0,0,0,1,0,0,0,0,0,-,sequential prophet 6 desktop ,ingravitacion-G,Gipuzkoa,2022/12/26,2023/02/24,2022/12/31,228,1506
0,0,0,1,0,0,0,0,0,-,"orejas rack neutron, pro 1, k2 80hp fin stock env incl ",PETZOO,Cádiz,2021/01/22,2023/01/28,2022/12/31,1713,481
0,0,0,1,0,0,0,0,0,korg,sintetizador piano korg n1 88 teclas contrapesadas ,jordipares3,Girona,2021/09/18,2023/01/25,2022/12/31,3623,1126
0,0,0,1,0,0,0,0,0,eurorack,tiptop buchla 245t sequential voltage source secuenciador módulo eurorack ,James,Barcelona,2022/12/26,2023/02/24,2022/12/31,152,496
0,0,1,0,0,0,0,0,0,roland,roland vs 24000 cd + monitor ,elprofesordedanza,Tarragona,2022/07/29,2023/01/29,2022/12/31,1045,1816
0,0,1,0,0,0,0,0,0,adam,funda para teclado de 5 octavas por soporte rack tipo adam hall ,bioroide,Madrid,2021/04/01,2023/01/26,2022/12/31,1252,845
0,0,0,1,0,0,0,0,0,eurorack,eurorack case 70hp model d ,Morphido,Madrid,2020/12/12,2023/01/27,2022/12/31,3112,834
0,0,0,1,0,0,0,0,0,yamaha,yamaha rm50 rhythm sound module ,yosualogan,Cantabria,2022/05/07,2023/01/27,2022/12/31,1036,1090
0,0,0,1,0,0,0,0,0,-,pcb modulares diy ,davygrolton,Valencia,2022/11/23,2023/01/26,2022/12/31,416,1209
0,0,0,1,0,0,0,0,0,sequential ,"waldorf quantum , ob-06 ,behringer rd-8 mk2,keylab49mk2, peak ",minahonda,Madrid,2022/11/13,2023/01/30,2022/12/31,1409,943
0,0,0,1,0,0,0,0,0,decksaver,korg ka350 serie volca y decksaver ,RexSiS,Madrid,2022/11/15,2023/01/25,2022/12/31,246,574
0,0,0,1,0,0,0,0,0,elektron,elektron analog rytm mki ,Javier m,Córdoba,2021/08/19,2023/01/29,2022/12/31,1736,750
0,0,0,1,0,0,0,0,0,elektron,elektron análog four mk2 ,MINILOGO,Sevilla,2022/10/18,2023/01/29,2022/12/31,728,606
0,0,0,1,0,0,0,0,0,korg,módulo rack korg tritón ,Roblemagic,Pontevedra,2022/12/17,2023/02/18,2022/12/31,390,1013
0,0,0,1,0,0,0,0,0,doepfer,doepfer a-106-1 xtreme filter ms20 ,instaljomar,Barcelona,2022/06/08,2023/01/30,2022/12/31,523,1188
0,0,0,1,0,0,0,0,0,virus,virus ti keyboard ,Arnau Sala,Girona,2022/12/10,2023/01/29,2022/12/31,412,920
0,0,0,1,0,0,0,0,0,roland,sintetizador analógico reon driftbox - edición limitada by roland ,dramer,Barcelona,2022/12/26,2023/02/25,2022/12/31,192,635
0,0,0,1,0,0,0,0,0,-,pack cintas de cassette sony ux60 chrome type ii ,Jovihu,Barcelona,2022/11/25,2023/01/27,2022/12/31,342,629
0,0,0,1,0,0,0,0,0,audio,módulo de sonidos y efectos sm pro audio vmachine reproductor de pluggins vst ,franpa,Alicante,2022/07/02,2023/01/25,2022/12/31,1290,632
0,0,0,1,0,0,0,0,0,behringer,behringer 2500 1033 envolvente ,FZappy,Barcelona,2022/06/22,2023/01/28,2022/12/31,934,602
0,0,0,1,0,0,0,0,0,arturia,secuenciador arturia beatstep ,Mato-Hari,Pontevedra,2022/09/23,2023/01/25,2022/12/31,549,834
0,0,0,1,0,0,0,0,0,-,"intellijel ""metropolis"" ",Dinius,Málaga,2022/09/04,2023/01/26,2022/12/31,489,620
1,0,0,1,0,0,0,0,0,oberheim,oberheim matrix-6 ,Axil,Madrid,2022/12/24,2023/01/28,2022/12/31,300,398
0,0,0,1,0,0,0,0,0,elektron,elektron digitakt ,edulo,Badajoz,2022/12/30,2023/02/28,2022/12/31,78,537
0,0,0,1,0,0,0,0,0,polyend,dreadbox medusa polyend impecable ,Rubén Perea,Málaga,2022/11/18,2023/01/27,2022/12/31,232,1165
0,0,0,1,0,0,0,0,0,eurorack,varios módulos eurorack ,Pablo,Madrid,2022/10/09,2023/01/26,2022/12/31,1564,494
0,0,0,1,0,0,0,0,0,roland,oferta rebajado roland fantom x88 ,Aguilar242,Navarra,2021/04/02,2023/01/29,2022/12/31,4065,861
0,0,0,1,0,0,0,0,0,erica synths ,dual fx ,Albert X,Barcelona,2022/12/31,2023/03/01,2022/12/31,56,722
0,0,0,1,0,0,0,0,0,udo,"udo super 6, nuevecito! ",logan3,Madrid,2022/12/03,2023/01/30,2022/12/31,646,580
0,0,0,1,0,0,0,0,0,kawai,kawai mp6 88 teclas ,jasynth,Madrid,2022/09/30,2023/01/30,2022/12/31,1585,769
0,0,0,1,0,0,0,0,0,virus,sintetizador access virus ti polar blanco en perfectas condiciones ,Abird,Guadalajara,2021/10/20,2023/01/29,2022/12/31,1355,482
0,0,0,1,0,0,0,0,0,neutron,behringer neutron ,bgf1973,Sevilla,2022/12/17,2023/01/25,2022/12/31,242,515
0,0,0,1,0,0,0,0,0,roland,roland sound canvas mando a distancia ,msound2,Córdoba,2022/12/31,2023/03/01,2022/12/31,94,712
0,0,0,1,0,0,0,0,0,roland,roland boutique sh01a blue+extras ,maldito_DB,Asturias,2022/06/06,2023/01/29,2022/12/31,1853,975
0,0,0,1,0,0,0,0,0,dreadbox,dreadbox abyss ,tomiwilli,Madrid,2022/12/30,2023/02/28,2022/12/31,204,986
0,0,0,1,0,0,0,0,0,dreadbox,dreadbox nymphes ,costamidnite,Madrid,2022/12/28,2023/02/26,2022/12/31,122,1284
0,0,0,1,0,0,0,0,0,waldorf,waldorf blofeld desktop negro + licencia sl ,afro.funk,Barcelona,2021/05/31,2023/01/26,2022/12/31,1262,906
0,0,0,1,0,0,0,0,0,elektron,elektron analog four mk1 ,mesmer_son,Barcelona,2022/12/17,2023/02/13,2022/12/31,160,1080
0,0,0,1,0,0,0,0,0,alesis,alesis v61 ,BassDrumsRecords,Madrid,2022/08/09,2023/01/29,2022/12/31,812,1638
0,0,0,1,0,0,0,0,0,-,sequential prophet x ,Storm,Bizkaia,2020/12/18,2023/01/25,2022/12/31,4291,533
0,0,1,0,0,0,0,0,0,mpc,mpc live 2 x sp404mk2 o mpc one ,vulgatron,Madrid,2022/07/31,2023/01/27,2022/12/31,751,994
0,0,0,1,0,0,0,0,0,novation,novation 61sl mkiii ,Dreun,Zaragoza,2022/12/29,2023/02/27,2022/12/31,78,510
0,0,0,1,0,0,0,0,0,roland,roland mt-32 lista de presets ,Samsimo,Madrid,2022/07/03,2023/01/28,2022/12/31,580,729
0,0,0,1,0,0,0,0,0,e-mu,e-mu systems procussion ,Kitarshokak.com,Gipuzkoa,2022/08/31,2023/01/30,2022/12/31,620,1513
0,0,0,1,0,0,0,0,0,behringer,behringer kxd15 ultratone amplificador para teclado ,galanpop,Madrid,2022/11/28,2023/01/27,2022/12/31,244,850
0,0,0,1,0,0,0,0,0,befaco,befaco hex mix vca v4 kit ,liradigital MRF,Madrid,2022/12/28,2023/02/26,2022/12/31,104,1419
0,0,0,1,0,0,0,0,0,-,nord a1 ,psycian,Madrid,2022/12/17,2023/02/19,2022/12/31,178,759
0,0,0,1,0,0,0,0,0,mpc,akai mpc one + extras ,maraudersound,Barcelona,2022/12/30,2023/02/28,2022/12/31,126,1402
0,0,0,1,0,0,0,0,0,midi,cme uf7 controlador midi de 76 teclas teclado midi usb teclado electrónico ,instaljomar,Barcelona,2022/09/29,2023/01/30,2022/12/31,527,1188
0,0,0,1,0,0,0,0,0,-,"tarjetas voice crystal 1+2 para sq2 sqr+,sq1+ ",gato737,Barcelona,2022/08/01,2023/01/27,2022/12/31,466,588
0,0,0,1,0,0,0,0,0,volca,korg volca bass ,Alejandro M. Molina Amador,Málaga,2022/07/13,2023/01/29,2022/12/31,1355,2335
0,0,0,1,0,0,0,0,0,hexinverter,bassdrum mutant bd9 hexinverter électronique ,f77,Barcelona,2022/12/17,2023/01/27,2022/12/31,131,212
0,0,0,1,0,0,0,0,0,nord ,"clavia rack 2, envío incluido ",rolandhispasonic,Jaén,2022/12/17,2023/01/28,2022/12/31,416,1713
0,0,0,1,0,0,0,0,0,akai,akai s6000 ,Aiko N.,Valencia,2022/03/23,2023/01/26,2022/12/31,2122,544
0,0,0,1,0,0,0,0,0,bastl,bastl cv trinity ,liradigital MRF,Madrid,2022/11/22,2023/01/27,2022/12/31,248,1419
0,0,0,1,0,0,0,0,0,roland,roland sh 1000 ,Nick Wave,Baleares,2022/10/15,2023/01/27,2022/12/31,659,824
0,0,0,1,0,0,0,0,0,octatrack,elektron octatrack mki + 2 cards ,Groof,Madrid,2022/12/27,2023/01/30,2022/12/31,146,509
1,0,0,1,0,0,0,0,0,roland,roland 1976 analog synth genesis cure camel string machine ,TheMix,Pontevedra,2022/12/29,2023/02/27,2022/12/31,196,591
0,0,0,1,0,0,0,0,0,the,ehx the worm ,Tomasynt,Madrid,2022/12/02,2023/01/28,2022/12/31,271,863
0,0,1,0,0,0,0,0,0,nord stage nord stage ,3 hp76 por clavia 3 88 ,mmm,Guadalajara,2022/12/29,2023/02/28,2022/12/31,88,327
0,0,1,0,0,0,0,0,0,eurorack,o modulos y case eurorack ,siropene,Madrid,2022/11/17,2023/01/26,2022/12/31,923,869
0,0,0,1,0,0,0,0,0,noise,noise engineering imitor versio black ,edulo,Badajoz,2022/12/28,2023/02/26,2022/12/31,84,537
0,0,0,1,0,0,0,0,0,akai,akai mpd 232 ,jazzman78,Madrid,2022/12/10,2023/01/27,2022/12/31,250,874
1,0,0,1,0,0,0,0,0,roland,roland a 800 pro ,JavierB,Alicante,2022/10/23,2023/01/30,2022/12/31,813,675
0,0,1,0,0,0,0,0,0,novation,korg minilogue xd y novation launchpad pro mk3 ,JM72,Pontevedra,2022/11/13,2023/01/28,2022/12/31,468,256
0,0,0,1,0,0,0,0,0,-,sintes y mucho más ,clavinord,Madrid,2022/08/24,2023/01/28,2022/12/31,4084,962
0,0,0,1,0,0,0,0,0,modular,eurorack modular ,Eduardo Izurzu,Navarra,2022/12/28,2023/02/26,2022/12/31,298,1405
0,0,0,1,0,0,0,0,0,-,sintetizador drum machine vintage ,finess7,Huelva,2022/11/10,2023/01/27,2022/12/31,537,703
0,0,0,1,0,0,0,0,0,-,doboz touch sensing note memory ,Betacam,Madrid,2022/12/03,2023/01/27,2022/12/31,212,685
0,0,0,1,0,0,0,0,0,modular,módulos eurorack modular ,Replicante,Barcelona,2022/12/03,2023/01/28,2022/12/31,818,1031
0,0,1,0,0,0,0,0,0,erica synths ,x sonic portions lxr-02 ,David,Madrid,2022/12/25,2023/02/23,2022/12/31,184,488
0,0,0,1,0,0,0,0,0,-,sintetizador ver­mona drm1 mk3 trigger ,Mario,Cantabria,2022/12/25,2023/01/27,2022/12/31,48,504
0,0,0,1,0,0,0,0,0,doepfer,doepfer a-100 p9 ,Traupiano,Barcelona,2022/11/16,2023/01/26,2022/12/31,314,947
0,0,0,1,0,0,0,0,0,uno,sintetizador uno synth ,joaquim,Madrid,2022/11/06,2023/01/05,2022/12/31,327,758
0,0,0,1,0,0,0,0,0,studio,controlador fatar studio 900 ,dmaio2002us,Murcia,2022/10/31,2023/01/28,2022/12/31,697,950
0,0,0,1,0,0,0,0,0,erica synths ,graphic vco ,o_ak,Albacete,2022/11/14,2023/01/13,2022/12/31,204,410
0,0,0,1,0,0,0,0,0,teenage engineering ,varios nuevo ,dani,Madrid,2022/12/25,2023/02/24,2022/12/31,280,412
0,0,0,1,0,0,0,0,0,komplete,komplete kontrol s61 mk2 con fallo ,journeyman,Madrid,2022/10/21,2023/01/28,2022/12/31,825,1096
0,0,0,1,0,0,0,0,0,roland,roland sc-33 ,Samsimo,Madrid,2022/05/15,2023/01/28,2022/12/31,1020,729
0,0,0,1,0,0,0,0,0,korg,korg minilogue xd ,Morphido,Madrid,2022/11/30,2023/01/27,2022/12/31,380,834
0,0,0,1,0,0,0,0,0,casio,casio vl-tone vl-1 ,eTorr,León,2021/04/01,2023/01/28,2022/12/31,1385,524
0,0,0,1,0,0,0,0,0,yamaha,analog xperience para yamaha modx y montage ,bicho,Madrid,2019/09/21,2023/01/25,2022/12/31,2510,517
0,0,0,1,0,0,0,0,0,korg,korg monologue ,PABLO,Málaga,2022/12/25,2023/02/23,2022/12/31,184,366
0,0,0,1,0,0,0,0,0,roland,roland super jv 1080 con tarjetas de expansion ,Angel,Madrid,2022/11/14,2023/01/26,2022/12/31,570,487
1,0,1,0,0,0,0,0,0,akai,ableton push 2 + dinero por akai force ,Azik,Madrid,2022/12/17,2023/01/28,2022/12/31,188,399
0,0,0,1,0,0,0,0,0,-,modulos syntetizer buen precio ,elmandolce,Barcelona,2022/11/11,2023/01/28,2022/12/31,1582,1044
0,1,0,0,0,0,0,0,0,arturia,polybrute arturia ,sasl,Valencia,2022/11/21,2023/01/29,2022/12/31,184,435
0,0,1,0,0,0,0,0,0,yamaha,yamaha dx21 con manuales originales ,elprofesordedanza,Tarragona,2022/12/17,2023/01/29,2022/12/31,264,1816
0,0,0,1,0,0,0,0,0,access,access matrix programmer ,cvsequencer,Barcelona,2022/08/03,2023/01/25,2022/12/31,1118,1188
0,0,0,1,0,0,0,0,0,virus,access virus a ,larch,Gipuzkoa,2022/09/05,2023/01/25,2022/12/31,1128,522
0,0,0,1,0,0,0,0,0,delptronics,"delptronics trigger man, ldb 2e, ldb 2x ",liradigital MRF,Madrid,2022/07/13,2023/01/27,2022/12/31,686,1419
0,0,0,1,0,0,0,0,0,-,syncussion sy-m ,soloeskuchalo,Barcelona,2022/12/03,2023/01/28,2022/12/31,326,1404
0,0,1,0,0,0,0,0,0,yamaha,cartucho rom yamaha dx7s por go pro ,int3rc0m,Madrid,2022/02/27,2023/01/28,2022/12/31,733,752
0,0,0,1,0,0,0,0,0,hammond,hammond sk1 ,Pau Ortolà,Valencia,2022/04/07,2023/01/26,2022/12/31,1178,1078
0,0,0,1,0,0,0,0,0,-,manguera leslie 9 pines ,fredo780,Barcelona,2022/12/17,2023/01/25,2022/12/31,102,687
0,0,0,1,0,0,0,0,0,roland,roland jd-800 impecable ,landstrung,Barcelona,2021/02/18,2023/01/26,2022/12/31,4965,1090
0,0,0,1,0,0,0,0,0,decksaver,novation peak con decksaver ,minahonda,Madrid,2022/12/02,2023/01/28,2022/12/31,274,943
0,0,0,1,0,0,0,0,0,buchla,buchla easel command 208 ,sasl,Valencia,2022/04/05,2023/01/27,2022/12/31,448,435
0,0,0,1,0,0,0,0,0,-,modal cobalt 8 ,ARPEGGIATORNIK,Granada,2022/01/23,2023/02/12,2022/12/31,1190,1047
0,0,0,1,0,0,0,0,0,eurorack,tiptop buchla 257t dual voltage processor módulo eurorack ,James,Barcelona,2022/12/26,2023/02/24,2022/12/31,110,496
0,0,0,1,0,0,0,0,0,korg,korg m 50 88 teclas ,jasynth,Madrid,2022/12/30,2023/02/28,2022/12/31,112,769
0,0,0,1,0,0,0,0,0,alesis,alesis vortex wireless 2 ,europe,Jaén,2022/12/31,2023/03/01,2022/12/31,30,656
0,0,0,1,0,0,0,0,0,decksaver,roland sp-404a + decksaver ,maraudersound,Barcelona,2022/12/30,2023/02/28,2022/12/31,80,1402
0,0,0,1,0,0,0,0,0,elektron,elektron model cycles ,Arturo Pulido Molina,Cáceres,2022/11/14,2023/01/29,2022/12/31,433,1930
0,0,0,1,0,0,0,0,0,waldorf,waldorf m sintetizador wavetable ,Storm,Bizkaia,2021/12/24,2023/01/28,2022/12/31,2199,533
0,0,0,1,0,0,0,0,0,-,intellijel plonk env incl ,PETZOO,Cádiz,2022/12/27,2023/01/30,2022/12/31,124,481
0,0,0,1,0,0,0,0,0,eurorack,right angle eurorack cable 20cm ,liradigital MRF,Madrid,2022/09/15,2023/02/26,2022/12/31,613,1419
0,0,0,1,0,0,0,0,0,behringer,behringer 2600 gray meanie ,Replicante,Barcelona,2022/11/09,2023/01/28,2022/12/31,976,1031
0,1,0,0,0,0,0,0,0,the,quasimidi the raven ,elprofesordedanza,Tarragona,2022/11/25,2023/01/29,2022/12/31,268,1816
0,0,0,1,0,0,0,0,0,-,secuenciador analogico 16 pasos dual 8 8 ,instaljomar,Barcelona,2022/07/05,2023/01/30,2022/12/31,1699,1188
0,0,0,1,0,0,0,0,0,yamaha,"yamaha cp70 pianos para yamaha motif xf, moxf, montage y modx ",bicho,Madrid,2018/08/13,2023/01/25,2022/12/31,3690,517
0,0,0,1,0,0,0,0,0,midi,6m0d6 de tubbutec y lpzw + cable midi - trs ,Raul Q. de Orte,Barcelona,2022/12/24,2023/01/29,2022/12/31,226,1238
0,0,0,1,0,0,0,0,0,clavia,case thomann para teclado clavia ,Tomasynt,Madrid,2022/12/24,2023/01/25,2022/12/31,137,863
0,0,0,1,0,0,0,0,0,korg,korg karma ,bulichan,Alicante,2021/06/09,2023/01/29,2022/12/31,3947,838
0,0,0,1,0,0,0,0,0,audio,"antimatter audio ""brain seed"" ",Dinius,Málaga,2022/09/04,2023/01/26,2022/12/31,315,620
0,0,0,1,0,0,0,0,0,yamaha,yamaha mox f8 ,juanmotero,Cádiz,2022/12/25,2023/02/24,2022/12/31,110,1092
0,0,0,1,0,0,0,0,0,-,sintetizador chameleon soundart legendario! ,David Vega,Barcelona,2022/11/06,2023/01/05,2022/12/31,699,907
0,0,0,1,0,0,0,0,0,waldorf,waldorf quantum ,minahonda,Madrid,2021/12/18,2023/01/30,2022/12/31,4835,943
0,0,0,1,0,0,0,0,0,doepfer,vcf doepfer a 106 1 xtreme filter ,Mato-Hari,Pontevedra,2022/09/23,2023/01/25,2022/12/31,340,834
0,0,0,1,0,0,0,0,0,elektron,elektron analog keys ,soloeskuchalo,Barcelona,2022/12/03,2023/01/28,2022/12/31,262,1404
0,0,0,1,0,0,0,0,0,elektron,elektron syntakt ,luca,Baleares,2022/12/24,2023/02/22,2022/12/31,212,421
0,0,1,0,0,0,0,0,0,roland,roland em-20 + soporte y funda también ,Todipe,Madrid,2022/12/17,2023/01/25,2022/12/31,152,613
0,0,0,1,0,0,0,0,0,novation,novation remote 25 ,bioroide,Madrid,2022/10/09,2023/01/26,2022/12/31,531,845
0,0,0,1,0,0,0,0,0,blackhole,eventide blackhole ,minahonda,Madrid,2022/11/25,2023/01/30,2022/12/31,396,943
0,0,0,1,0,0,0,0,0,yamaha,yamaha sy 77 + tarjetas de expansión ,Todovibra,Málaga,2021/08/29,2023/01/30,2022/12/31,2369,938
0,0,0,1,0,0,0,0,0,-,monitores estudio pmc tb2s ,moog1406,Girona,2021/10/20,2023/01/26,2022/12/31,2073,637
0,0,0,1,0,0,0,0,0,korg,diskette sonidos para el sampler korg dsm1 ,polypodium,Madrid,2022/07/07,2023/01/27,2022/12/31,466,1106
0,0,0,1,0,0,0,0,0,-,keystep pro black sequencer ,Traupiano,Barcelona,2022/10/29,2023/01/26,2022/12/31,518,947
0,0,0,1,0,0,0,0,0,roland,sonidos roland jupiter x xm series y zenology pro software ,JM72,Pontevedra,2022/07/15,2023/01/28,2022/12/31,888,256
0,0,0,1,0,0,0,0,0,emu,emu proteus 2000 ,jasynth,Madrid,2022/09/30,2023/01/28,2022/12/31,1377,769
0,0,0,1,0,0,0,0,0,-,stand digitakt + digitone ultima unidad env incl ,PETZOO,Cádiz,2019/06/11,2023/01/28,2022/12/31,4902,481
0,0,0,1,0,0,0,0,0,m-audio,m-audio oxygen pro 49 ,Quasak,Murcia,2022/02/18,2023/01/30,2022/12/31,886,614
0,0,0,1,0,0,0,0,0,moog,moog subsequent 37 ,Storm,Bizkaia,2022/11/25,2023/01/25,2022/12/31,338,533
0,0,0,1,0,0,0,0,0,the,"piano rhodes mark ii suitcase eighty eight 88, the top model! ",logan3,Madrid,2022/12/24,2023/01/30,2022/12/31,182,580
0,0,0,1,0,0,0,0,0,mpc,nuevo stand akai mpc live 2 env incl leer anuncio ,PETZOO,Cádiz,2020/07/29,2023/01/28,2022/12/31,2794,481
0,0,0,1,0,0,0,0,0,midi,robaux swt16+ con midi expander ,liradigital MRF,Madrid,2022/11/22,2023/01/27,2022/12/31,288,1419
0,0,0,1,0,0,0,0,0,yamaha,tg 500 yamaha ,gato737,Barcelona,2022/07/21,2023/01/27,2022/12/31,1128,588
0,0,0,1,0,0,0,0,0,system,moog system 15 ,qbueno,Barcelona,2020/10/03,2023/01/29,2022/12/31,6499,650
0,0,0,1,0,0,0,0,0,volca,korg volca kick ,yosualogan,Cantabria,2022/06/15,2023/01/27,2022/12/31,770,1090
0,0,0,1,0,0,0,0,0,bheringer,bheringer umx 61 ,40db,Valencia,2021/03/04,2023/01/20,2022/12/31,1343,298
0,0,0,1,0,0,0,0,0,roland,módulo batería roland r-8m y 2 tarjetas de sonido ,Angel,Madrid,2022/11/14,2023/01/26,2022/12/31,434,487
0,0,0,1,0,0,0,0,0,yamaha,manual y caja yamaha qy100 ,bioroide,Madrid,2022/10/11,2023/01/26,2022/12/31,268,845
0,0,0,1,0,0,0,0,0,akai,manual akai xr20 ,bioroide,Madrid,2022/10/11,2023/01/26,2022/12/31,242,845
0,0,0,1,0,0,0,0,0,arturia,arturia keystep ,Tangential,León,2022/12/26,2023/02/24,2022/12/31,86,1031
0,0,0,1,0,0,0,0,0,korg,funda korg para teclados de 61 teclas ,joan cerezo,Barcelona,2022/10/10,2023/01/25,2022/12/31,376,1104
0,0,0,1,0,0,0,0,0,roland,piano digital roland rp-102bn negro ,José María Villatoro,Málaga,2022/12/25,2023/02/24,2022/12/31,70,2175
0,0,0,1,0,0,0,0,0,-,ultimo precio digitone keys + extras env incl ,PETZOO,Cádiz,2022/12/01,2023/01/30,2022/12/31,422,481
0,0,0,1,0,0,0,0,0,yamaha,teclado yamaha cp 40 ,Mister Carrington,Madrid,2022/12/10,2023/01/28,2022/12/31,335,1707
0,0,0,1,0,0,0,0,0,yamaha,rebaja de reyes!!! yamaha mo8 ,Mr. White,Málaga,2022/12/24,2023/02/21,2022/12/31,240,782
0,0,0,1,0,0,0,0,0,kurzweil,placa sampler smp-r para kurzweil k2000r ,Maniac Broil,Barcelona,2021/05/26,2023/01/28,2022/12/31,2550,1121
0,0,0,1,0,0,0,0,0,decksaver,ob-06 con sonidos de pago y decksaver ,minahonda,Madrid,2022/07/28,2023/01/30,2022/12/31,1374,943
0,0,0,1,0,0,0,0,0,roland,roland jd xa ,Vjsj,Tarragona,2022/09/25,2023/01/28,2022/12/31,608,413
0,0,0,1,0,0,0,0,0,dreadbox,dreadbox erebus v3 + cables patch ,Triple A - Estudios,Madrid,2022/12/27,2023/01/30,2022/12/31,136,1678
0,0,0,1,0,0,0,0,0,e-rm,e-rm polygogo ,dce,Sevilla,2022/12/24,2023/01/26,2022/12/31,204,300
0,0,0,1,0,0,0,0,0,novation,novation circuit groovebox sintetizador drum machine ,cmbstd,Asturias,2022/11/28,2023/01/27,2022/12/31,288,637
0,0,0,1,0,0,0,0,0,vox,vox tonelab le multiefectos a válvulas ,Rubén Perea,Málaga,2022/11/15,2023/01/27,2022/12/31,298,1165
0,0,1,0,0,0,0,0,0,noise,noise engineering basimilus iteritas ,Replicante,Barcelona,2021/12/04,2023/01/28,2022/12/31,1911,1031
0,0,0,1,0,0,0,0,0,decksaver,roland vp 03 + k-25m + decksaver ,ruipintado,Pontevedra,2022/04/24,2023/01/28,2022/12/31,567,1087
0,0,0,1,0,0,0,0,0,-,"studiologic acuna 88 precio solo hasta reyes, despues retiro el anuncio ",luisjaen,Jaén,2022/09/11,2023/01/30,2022/12/31,1224,859
0,0,0,1,0,0,0,0,0,roland,roland jupiter 4 ,qbueno,Barcelona,2022/01/22,2023/01/29,2022/12/31,4029,650
0,0,0,1,0,0,0,0,0,roland,sintetizador roland sh-01a + teclado ,Litonano,Barcelona,2022/12/30,2023/02/28,2022/12/31,92,836
0,0,0,1,0,0,0,0,0,behringer,behringer ms 1 ,Alinter,Cádiz,2022/07/09,2023/01/28,2022/12/31,1500,719
0,0,0,1,0,0,0,0,0,doepfer,doepfer mcv4 ,Papaver,Barcelona,2022/12/30,2023/02/28,2022/12/31,76,719
0,0,0,1,0,0,0,0,0,yamaha,yamaha sk20 analog string machine ,logan3,Madrid,2021/12/23,2023/01/29,2022/12/31,2634,580
0,0,0,1,0,0,0,0,0,yamaha,"3 61, pedal yamaha fc5a, banqueta y pedal proel, funda thon ",Eduardo,Madrid,2022/12/26,2023/02/24,2022/12/31,139,708
0,0,0,1,0,0,0,0,0,-,keylab 49 mk2 negro ,minahonda,Madrid,2022/01/08,2023/01/25,2022/12/31,1658,943
0,0,0,1,0,0,0,0,0,dreadbox,dreadbox typhon ,Triple A - Estudios,Madrid,2022/12/31,2023/03/01,2022/12/31,64,1678
0,0,1,0,0,0,0,0,0,vox,vox continental 61 ,elprofesordedanza,Tarragona,2022/12/27,2023/02/26,2022/12/31,128,1816
0,0,0,1,0,0,0,0,0,eurorack,tiptop buchla 258t oscilador módulo eurorack ,James,Barcelona,2022/12/26,2023/02/24,2022/12/31,128,496
0,0,0,1,0,0,0,0,0,eurorack,módulos eurorack ,Dinius,Málaga,2021/11/13,2023/01/26,2022/12/31,8117,620
0,0,0,1,0,0,0,0,0,komplete,native instruments komplete kontrol s88 mki ,anderteje,Araba,2022/12/26,2023/02/24,2022/12/31,162,946
0,0,0,1,0,0,0,0,0,yamaha,"phat analog iii para yamaha motif xs, motif xf, moxf, montage y modx ",bicho,Madrid,2020/01/13,2023/01/25,2022/12/31,1354,517
0,0,1,0,0,0,0,0,0,korg,korg z1 ,javpin,Lugo,2022/12/17,2023/02/17,2022/12/31,300,648
0,0,0,1,0,0,0,0,0,yamaha,yamaha modx6+ ,moog1406,Girona,2022/03/02,2023/01/26,2022/12/31,992,637
0,0,0,1,0,0,0,0,0,instruments,mutable instruments midigal midipal ,Synthaddict,Madrid,2022/08/19,2023/01/29,2022/12/31,986,1151
0,0,0,1,0,0,0,0,0,yamaha,"c7 1 pianos para yamaha motif xf, moxf, montage y modx ",bicho,Madrid,2020/10/11,2023/01/25,2022/12/31,3004,517
0,0,0,1,0,0,0,0,0,yamaha,yamaha motif xf x maleta ,jesus,Valencia,2022/05/19,2023/01/27,2022/12/31,1594,554
0,0,0,1,0,0,0,0,0,decksaver,behringer rd-8 mkii y decksaver ,minahonda,Madrid,2022/11/09,2023/01/30,2022/12/31,807,943
0,0,0,1,0,0,0,0,0,-,kermit quad modulator mk3 ,sasl,Valencia,2022/11/15,2023/01/26,2022/12/31,184,435
0,0,0,1,0,0,0,0,0,odyssey,stardust synth cover para korg arp odyssey mini ,Mario,Cantabria,2022/12/25,2023/01/28,2022/12/31,52,504
0,0,0,1,0,0,0,0,0,-,cem 3396 ,cvsequencer,Barcelona,2022/09/15,2023/01/25,2022/12/31,426,1188
0,0,0,1,0,0,0,0,0,yamaha,yamaha portasound pss-140 ,Dreun,Zaragoza,2022/12/29,2023/02/27,2022/12/31,104,510
0,0,0,1,0,0,0,0,0,mpc,mpc live 2 ,vulgatron,Madrid,2022/07/01,2023/01/25,2022/12/31,1330,994
0,0,0,1,0,0,0,0,0,roland,roland boutique tr-09 ,Atala estudioa,Navarra,2022/09/12,2023/01/29,2022/12/31,676,1377
0,0,0,1,0,0,0,0,0,maschine,"mpc stuff live, mpd, mpk, force, maschine ",maldito_DB,Asturias,2022/08/26,2023/01/29,2022/12/31,1148,975
0,0,0,1,0,0,0,0,0,erica synths ,black wavetable vco ,dce,Sevilla,2022/12/10,2023/01/26,2022/12/31,176,300
0,0,0,1,0,0,0,0,0,korg,korg ms2000r ,Álvaro,Sevilla,2022/11/06,2023/01/05,2022/12/31,413,741
0,0,0,1,0,0,0,0,0,befaco,varios módulos diy befaco ,Capitan Spam,Barcelona,2022/12/24,2023/01/27,2022/12/31,256,1137
0,0,0,1,0,0,0,0,0,yamaha,sintetizador yamaha ex5 ,Angel,Madrid,2022/11/13,2023/01/26,2022/12/31,569,487
0,0,0,1,0,0,0,0,0,-,siel orchestra 2 ,Mato-Hari,Pontevedra,2022/09/23,2023/01/25,2022/12/31,906,834
0,0,0,1,0,0,0,0,0,crumar,crumar mojo clasic v2 preciosidad de 2 teclados ,japovaz,Ourense,2022/12/01,2023/01/23,2022/12/31,592,763
0,0,0,1,0,0,0,0,0,-,tip top quantizer ,Betacam,Madrid,2022/12/03,2023/01/23,2022/12/31,164,685
0,0,0,1,0,0,0,0,0,roland,roland tr8s ,Groof,Madrid,2022/12/29,2023/02/27,2022/12/31,134,509
0,0,0,1,0,0,0,0,0,komplete,native instruments komplete kontrol s49 mk2 ,Daniel Leinad,Madrid,2022/11/22,2023/01/28,2022/12/31,354,1210
0,0,0,0,0,1,0,0,0,-,galactic ascensión para modx y montage + ,bicho,Madrid,2020/05/29,2023/01/25,2022/12/31,1833,517
0,0,0,1,0,0,0,0,0,komplete,ni komplete kontrol m32 ,cvsequencer,Barcelona,2022/10/12,2023/01/25,2022/12/31,682,1188
0,0,0,1,0,0,0,0,0,cme,teclado controlador cme uf5 ,journeyman,Madrid,2021/10/22,2023/01/28,2022/12/31,1121,1096
0,0,0,1,0,0,0,0,0,e,vermona drm1 mk3 cv trigger & midi impoluta-600 e ,Rubén Perea,Málaga,2020/10/22,2023/01/27,2022/12/31,2386,1165
0,0,1,0,0,0,0,0,0,yamaha,sonidos yamaha modx ,kupi,Murcia,2022/12/24,2023/01/26,2022/12/31,90,441
0,0,0,1,0,0,0,0,0,-,endorphin es queen of pentacles ,FZappy,Barcelona,2022/03/21,2023/01/28,2022/12/31,1170,602
0,0,0,1,0,0,0,0,0,roland,roland mc 808 ,sanwiche,Alicante,2022/12/17,2023/01/26,2022/12/31,214,850
0,0,0,1,0,0,0,0,0,yamaha,yamaha dx7 ii d ,yosualogan,Cantabria,2022/05/19,2023/01/27,2022/12/31,2083,1090
0,0,0,1,0,0,0,0,0,yamaha,"royal 1 pianos para yamaha motif xs, motif xf, moxf y montage modx ",bicho,Madrid,2017/07/09,2023/01/27,2022/12/31,5957,517
0,0,0,1,0,0,0,0,0,kawai,kawai rc-2 tarjeta memoria ,IK3R,Barcelona,2022/03/17,2023/01/30,2022/12/31,484,281
0,0,0,1,0,0,0,0,0,yamaha,yamaha motif 7 xs ,jesus,Valencia,2022/10/01,2023/01/27,2022/12/31,1087,554
0,0,0,1,0,0,0,0,0,alesis,teclado controlador alesis qx 61 ,javiawake,Madrid,2022/12/10,2023/01/28,2022/12/31,142,947
0,0,0,1,0,0,0,0,0,-,medeli akx10 ,vicen51,Araba,2022/03/20,2023/01/28,2022/12/31,2121,635
0,0,0,1,0,0,0,0,0,-,siel kiwi opera-6 dk-600 ,Axil,Madrid,2022/11/16,2023/01/28,2022/12/31,775,398
0,0,0,1,0,0,0,0,0,mpc,akai mpc x + extras ,maraudersound,Barcelona,2022/12/30,2023/02/28,2022/12/31,142,1402
0,0,0,1,0,0,0,0,0,roland,roland jv-880 ,Samsimo,Madrid,2022/09/26,2023/01/28,2022/12/31,755,729
0,0,0,1,0,0,0,0,0,moog,moog mother 32 sintetizador analógico semimodular ,fine,Pontevedra,2022/12/03,2023/01/30,2022/12/31,202,418
0,0,0,1,0,0,0,0,0,-,norns shield ,yak95,Madrid,2022/10/16,2023/01/28,2022/12/31,883,435
0,0,0,1,0,0,0,0,0,yamaha,yamaha kx 61 con bolsa de transporte ,dmaio2002us,Murcia,2022/09/11,2023/01/28,2022/12/31,556,950
0,0,0,1,0,0,0,0,0,roland,controlador midi roland a88 ivory feel ,AlvMad,Madrid,2022/05/21,2023/01/27,2022/12/31,1242,565
0,0,0,1,0,0,0,0,0,vermona,vermona drm1 mkiii sintetizador percusión analógico nuevo ,Albornozz,Madrid,2022/11/20,2023/01/30,2022/12/31,217,961
0,0,0,1,0,0,0,0,1,novation,"teclas y para roland, korg, yamaha, novation update 11 2 2022 ",Elver Galarga,Lugo,2015/03/03,2023/01/26,2022/12/31,18754,1229
0,0,0,1,0,0,0,0,0,elektron,packs de sonidos para máquinas elektron ,Dj.Zyon.42,Córdoba,2022/06/01,2023/01/25,2022/12/31,1362,800
0,0,0,1,0,0,0,0,0,novation,novation remote zero sl mk ii ,Pai,Madrid,2022/12/10,2023/01/28,2022/12/31,304,282
0,0,1,0,0,0,0,0,0,-,tarjeta smart media 128mb mas adaptador por go pro ,int3rc0m,Madrid,2020/09/01,2023/01/28,2022/12/31,1747,752
0,0,0,1,0,0,0,0,0,alm busy ,akemie castle - circuits ,Alinter,Cádiz,2022/06/10,2023/01/28,2022/12/31,844,719
