,urgent,buy,change,sell,price,gift,search,repair,parts,synt_brand,description,city,published,expire,date_scrapped,seen
1,0,0,0,1,200,0,0,0,0,korg,korg 05r w módulo ,Madrid,2023/07/27,2024/11/12,2024/5/26,2508
2,0,0,0,1,650,0,0,0,0,kurzweil,kurzweil pc3 le6 ,Madrid,2023/11/05,2024/11/17,2024/5/26,1632
3,0,0,0,1,1295,0,0,0,0,dexibell,"dexibell j7 órgano, nuevo, envío incluido ",Jaén,2024/05/19,2024/11/16,2024/5/26,140
4,0,0,0,1,450,0,0,0,0,roland,roland juno 1 ,Barcelona,2024/05/23,2024/11/17,2024/5/26,129
5,0,0,0,1,330,0,0,0,0,knobula,knobula poly cinematic ,Barcelona,2024/05/12,2024/11/18,2024/5/26,99
6,0,0,0,1,429,0,0,0,0,korg,korg drumlogue ,Bizkaia,2023/01/24,2024/11/19,2024/5/26,3821
7,0,0,0,1,85,0,0,0,0,erica synths ,pico drums ,Valencia,2023/07/12,2024/11/18,2024/5/26,1520
8,0,0,0,1,379,0,0,0,0,akai,akai mpk88 ,Pontevedra,2024/03/04,2024/11/09,2024/5/26,586
9,0,0,0,1,19,0,0,0,0,custom,sonidos custom para nord lead a1 ,Cuenca,2018/04/11,2024/11/16,2024/5/26,5996
10,0,0,0,1,550,0,0,0,0,yamaha,yamaha dx7 con flightcase ,Málaga,2024/02/05,2024/11/17,2024/5/26,1455
11,0,0,0,1,2300,0,0,0,0,moog,moog minimoog voyager edición signature red + flighcase ,Araba,2024/05/12,2024/07/10,2024/5/26,196
12,0,0,0,1,430,0,0,0,0,yamaha,yamaha tg77 ,Madrid,2024/01/17,2024/11/19,2024/5/26,1918
13,0,0,0,1,1200,0,0,0,0,roland,roland jx-3p + pg200 ,Málaga,2024/04/19,2024/10/16,2024/5/26,334
14,0,0,0,1,320,0,0,0,0,behringer,behringer pro-800 ,Madrid,2024/04/20,2024/06/22,2024/5/26,514
15,0,0,0,1,200,0,0,0,0,yamaha,piano yamaha piagero np 30 ,Huesca,2024/05/22,2024/11/15,2024/5/26,103
16,0,1,0,0,0,0,0,0,0,roland,roland fantom 06 ,Valencia,2024/04/23,2024/11/20,2024/5/26,196
17,0,0,0,1,280,0,0,0,0,arturia,arturia microfreak vocoder edition ,Madrid,2024/05/22,2024/06/23,2024/5/26,80
18,0,0,0,1,480,0,0,0,0,digitakt,digitakt elektron ,Madrid,2024/04/28,2024/06/06,2024/5/26,408
19,0,0,0,1,480,0,0,0,0,modal,modal argon 8m ,Guadalajara,2023/05/30,2024/11/16,2024/5/26,944
20,0,0,0,1,470,0,0,0,0,native,licencias de native instruments arkhis sequis lores playbox schema ,Madrid,2024/03/12,2024/11/19,2024/5/26,321
21,0,0,0,1,220,0,0,0,0,arturia,arturia beatstep pro ,Guadalajara,2023/05/30,2024/11/16,2024/5/26,794
22,0,0,0,1,1095,0,0,0,0,arturia,arturia matrixbrute ,Navarra,2023/09/14,2024/11/13,2024/5/26,1543
23,0,1,0,0,0,0,0,0,0,make noise ,lxd ,Barcelona,2024/03/10,2024/06/19,2024/5/26,268
24,0,1,0,0,0,0,0,0,0,alesis,alesis s4 plus s4+ ,Cantabria,2024/05/19,2024/11/19,2024/5/26,74
25,0,0,0,1,175,0,0,0,0,mutable,mutable instruments peaks ,Barcelona,2024/05/21,2024/11/15,2024/5/26,70
26,0,0,0,1,750,0,0,0,0,elektron,elektron syntakt ,Madrid,2024/05/12,2024/06/20,2024/5/26,193
27,0,0,0,1,375,0,0,0,0,casio,teclado casio celviano ap80r ,Barcelona,2023/10/10,2024/11/17,2024/5/26,1694
28,0,0,0,1,440,0,0,0,0,pioneer,pioneer toraiz squid ,Barcelona,2024/02/15,2024/06/20,2024/5/26,976
29,0,0,0,1,355,0,0,0,0,roland,unidad de de producción musical roland mv-30 ver videos demo ,Zaragoza,2023/01/25,2024/11/19,2024/5/26,4120
30,0,0,0,1,50,0,0,0,0,korg,stardust synth cover para korg arp odyssey mini ,Cantabria,2024/05/22,2024/11/16,2024/5/26,20
31,0,0,0,1,650,0,0,0,0,elektron,elektron digitone ,Barcelona,2024/01/03,2024/11/18,2024/5/26,2506
32,0,0,0,1,129,0,0,0,0,splinter,pedal overdrive chiralityaudio splinter ,Barcelona,2023/08/15,2024/11/18,2024/5/26,1161
33,0,0,0,1,5500,0,0,0,0,hammond,hammond cv ,A Coruña,2023/09/25,2024/11/12,2024/5/26,2572
34,0,0,0,1,75,0,0,0,0,casio,casio vl-tone vl-1 ,Bizkaia,2023/11/16,2024/11/18,2024/5/26,2129
35,0,0,0,1,250,0,0,0,0,klavis,klavis quadigy ,Valencia,2024/05/20,2024/11/17,2024/5/26,74
36,0,1,0,0,0,0,0,0,0,behringer,behringer solina ,Málaga,2024/05/12,2024/11/16,2024/5/26,84
37,0,0,0,1,580,0,0,0,0,elektron,elektron digitakt ,Madrid,2024/05/05,2024/11/18,2024/5/26,231
38,0,0,0,1,255,0,0,0,0,make noise ,maths 2 module ,Cantabria,2024/05/19,2024/11/10,2024/5/26,106
39,0,0,0,1,500,0,0,0,0,korg,sintetizador korg z1 ,Barcelona,2024/03/31,2024/11/20,2024/5/26,336
40,0,0,0,1,150,0,0,0,0,digitech,digitech studio quad ,Valencia,2023/01/05,2024/06/17,2024/5/26,2615
41,0,0,0,1,150,0,0,0,0,peavey,amplificador de teclados peavey kb100 ,Burgos,2024/05/24,2024/11/18,2024/5/26,86
42,0,0,0,1,2400,0,0,0,0,nord stage ,grand 1 ,Barcelona,2024/04/21,2024/11/16,2024/5/26,333
43,0,0,0,1,1150,0,0,0,0,kurzweil,kurzweil pc4 + funda + pedal ,Ciudad Real,2024/03/01,2024/11/18,2024/5/26,770
44,0,0,0,1,1000,0,0,0,0,waldorf,waldorf kyra ,Madrid,2023/12/28,2024/11/17,2024/5/26,2655
45,0,0,0,1,270,0,0,0,0,noise,noise engineering basimilus iteritas alter módulo de eurorack ,Barcelona,2024/05/23,2024/11/17,2024/5/26,76
46,0,0,0,1,650,0,0,0,0,behringer,behringer deepmind 12 + regalo sintetizador ,Navarra,2024/05/21,2024/11/15,2024/5/26,339
47,0,0,0,1,600,0,0,0,0,arturia,rebajado! arturia keylab 88 mk2 ,Pontevedra,2024/01/25,2024/11/18,2024/5/26,969
48,0,0,0,1,4000,0,0,0,0,jomox,jomox resonator neuronium ,Barcelona,2023/10/12,2024/11/19,2024/5/26,2786
49,0,0,0,1,520,0,0,0,0,eurorack,módulo eurorack reverb strymon starlab ,Valencia,2024/05/12,2024/11/16,2024/5/26,142
50,0,0,0,1,400,0,0,0,0,kurzweil,kurzweil pc2r ,Pontevedra,2024/01/13,2024/11/16,2024/5/26,1136
51,0,0,0,1,140,0,0,0,0,befaco,befaco kickall ,Valencia,2023/06/15,2024/11/18,2024/5/26,2628
52,0,0,0,1,120,0,0,0,0,casio,mini sintetizador casio vl-tone vl-1 ,Barcelona,2023/03/30,2024/11/16,2024/5/26,2767
53,0,0,0,1,400,0,0,0,0,-,kurzwell rs 2500 ,Madrid,2024/05/26,2024/11/19,2024/5/26,106
54,0,0,0,1,190,0,0,0,0,novation,novation 61 sl mkii ,Girona,2024/05/21,2024/11/15,2024/5/26,76
55,0,0,0,1,340,0,0,0,0,komplete,ni komplete kontrol s61 mk2 y komplete ultimate 14 ,Madrid,2024/05/19,2024/11/12,2024/5/26,98
56,0,0,0,1,195,0,0,0,0,nektar,nektar panorama p4 ,Barcelona,2024/05/23,2024/11/17,2024/5/26,94
57,0,0,0,1,150,0,0,0,0,waldorf,waldorf nw1 eurorack ,Asturias,2024/05/19,2024/11/19,2024/5/26,160
58,0,0,0,1,320,0,0,0,0,korg,korg electribe 2 sampler ,Madrid,2023/09/03,2024/11/18,2024/5/26,2955
59,0,0,0,1,310,0,0,0,0,doepfer,doepfer a-100p6 case psu2 ,Bizkaia,2024/05/24,2024/11/17,2024/5/26,113
60,0,0,0,1,115,0,0,0,0,2hp,2hp sine vco con sub and wavefolding eurorack modulo ,Cantabria,2024/05/12,2024/11/17,2024/5/26,116
61,0,0,0,1,250,0,0,0,0,motu,interface motu 2408 mk3 + pci ,Barcelona,2024/03/20,2024/11/15,2024/5/26,445
62,0,0,0,1,45,0,0,0,0,doepfer,doepfer a-118-2 noise random s&h ,La Rioja, ,2024/11/19,2024/5/26,66
63,0,0,0,1,100,0,0,0,0,studio,studio electronics atc-1 2600 filter cartridge ,Barcelona,2021/09/21,2024/11/19,2024/5/26,3412
64,0,0,0,1,750,0,0,0,0,roland,roland fa 06 ,Alicante,2024/03/08,2024/11/20,2024/5/26,655
65,0,0,0,1,60,0,0,0,0,bheringer,bheringer umx 61 ,Valencia,2021/03/04,2024/11/19,2024/5/26,4404
66,0,0,0,1,1250,0,0,0,0,yamaha,yamaha yc61 como nuevo ,Barcelona,2024/05/19,2024/11/17,2024/5/26,144
67,0,0,0,1,110,0,0,0,0,flightcase,flightcase para teclado ,Alicante,2024/03/07,2024/11/20,2024/5/26,444
68,0,0,0,1,389,0,0,0,0,clatters,clatters sibilla eurorack ,Madrid,2024/04/14,2024/11/15,2024/5/26,188
69,0,0,0,1,1000,0,0,0,0,acl,acl sinfonion ,Madrid,2024/05/21,2024/06/22,2024/5/26,156
70,0,0,0,1,280,0,0,0,0,-,mimetic digitalis ,A Coruña, ,2024/11/03,2024/5/26,104
71,0,0,0,1,2890,0,0,0,0,yamaha,yamaha genos 2 ,Baleares,2024/05/23,2024/11/17,2024/5/26,112
72,0,0,0,1,230,0,0,0,0,behringer,pro one behringer ,Madrid,2024/04/19,2024/11/15,2024/5/26,280
73,0,0,0,1,1499,0,0,0,0,waldorf,waldorf m sintetizador wavetable ,Bizkaia,2021/12/24,2024/11/19,2024/5/26,5470
74,0,0,0,1,0,0,0,0,0,elektron,packs de sonidos para máquinas elektron ,Córdoba,2023/11/03,2024/11/16,2024/5/26,1862
75,0,0,0,1,1099,0,0,0,0,arturia,arturia matrixbrute ,Madrid,2023/12/04,2024/11/15,2024/5/26,2392
76,0,0,0,1,840,0,0,0,0,-,"nerdseq+expanders, er301 ",Valencia,2024/05/19,2024/11/12,2024/5/26,174
77,0,0,0,1,220,0,0,0,0,roland,roland jx-03 ,Cáceres,2024/05/22,2024/11/16,2024/5/26,66
78,0,0,0,1,89,0,0,0,0,komplete,komplete kontrol a25 ,Sevilla,2024/05/12,2024/11/19,2024/5/26,187
79,0,0,0,1,150,0,0,0,0,waldorf,waldorf nw1 ,Asturias,2024/05/19,2024/11/17,2024/5/26,143
80,0,0,0,1,490,0,0,0,0,-,motif rack classic ,Barcelona,2024/05/22,2024/11/16,2024/5/26,98
81,0,0,0,1,50,0,0,0,0,-,stand para teclados ,Barcelona,2024/04/11,2024/10/25,2024/5/26,272
82,0,0,0,1,85,0,0,0,0,komplete,komplete kontrol a25 también cambio ,Madrid,2024/03/08,2024/11/16,2024/5/26,514
83,0,0,0,1,210,0,0,0,0,midiplus,midiplus x8 series iii teclado controlador midi 88 ,Lugo,2024/04/25,2024/11/17,2024/5/26,176
84,0,0,0,1,2600,0,0,0,0,yamaha,yamaha montage 7 ,Madrid,2023/10/09,2024/11/15,2024/5/26,2054
85,0,0,0,1,140,0,0,0,0,mutable,mutable instruments grids clone ,Valencia,2023/07/12,2024/11/18,2024/5/26,1011
86,0,0,0,1,895,0,0,0,0,nord lead ,a1 excelente estado ,Granada,2024/04/08,2024/10/05,2024/5/26,324
87,0,0,0,1,950,0,0,0,0,nord lead ,3 ,Girona,2021/12/21,2024/11/16,2024/5/26,1603
88,0,0,0,1,350,0,0,0,0,e-mu,sampler e-mu iv e4x turbo ,Sevilla,2024/05/23,2024/11/17,2024/5/26,174
89,0,0,0,1,350,0,0,0,0,korg,korg microkorg mki sintetizador ,Cádiz,2023/11/28,2024/11/17,2024/5/26,1673
90,0,0,0,1,100,0,0,0,0,yamaha,yamaha modx8 y modx 8+ softcase ,Madrid,2024/05/12,2024/11/14,2024/5/26,117
91,0,0,0,1,2200,0,0,0,0,-,piano w hoffmann bechstein ,S.C. de Tenerife, ,2024/11/18,2024/5/26,73
92,0,0,0,1,1400,0,0,0,0,nord electro ,5d 61 ,Pontevedra,2024/05/19,2024/11/20,2024/5/26,96
93,0,0,0,1,340,0,0,0,0,korg,korg wavedrum + pie + funda env incl ,Cádiz,2024/04/23,2024/11/17,2024/5/26,250
94,0,0,0,1,230,0,0,0,0,behringer,model d behringer ,Madrid,2024/04/19,2024/11/15,2024/5/26,281
95,0,0,0,1,250,0,0,0,0,mpc,mpc live para reparar o piezas ,Toledo,2022/01/03,2024/11/13,2024/5/26,2424
96,0,0,0,1,350,0,0,0,0,novation,novation nova ,Navarra,2024/02/11,2024/11/18,2024/5/26,964
97,0,0,0,1,2,0,0,0,0,zips,zips de 100 mb usados con su cajita ,Alicante,2024/05/05,2024/11/18,2024/5/26,136
98,0,0,1,0,0,0,0,0,0,novation,novation mininova ,Córdoba,2024/03/15,2024/11/19,2024/5/26,337
99,0,0,0,1,230,0,0,0,0,behringer,k2 behringer ,Madrid,2024/04/19,2024/11/15,2024/5/26,315
100,0,0,0,1,1650,0,0,0,0,dreadbox,dreadbox abyss ,Valencia,2024/05/26,2024/11/20,2024/5/26,31
101,0,0,0,1,50,0,0,0,0,korg,korg toneworks taktile 25 ,Jaén,2024/05/26,2024/11/19,2024/5/26,50
102,0,0,0,1,60,0,0,0,0,arturia,arturia beatstep ,Madrid,2024/05/19,2024/11/12,2024/5/26,80
103,0,0,0,1,780,0,0,0,0,korg,korg poly 61 ,A Coruña,2023/12/22,2024/11/18,2024/5/26,2713
104,0,0,0,1,199,0,0,0,0,behringer,behringer rd-8 ,Asturias,2024/05/12,2024/11/17,2024/5/26,220
105,0,0,0,1,115,0,0,0,0,native,native instruments komplete kontrol s25 ,Alicante,2024/04/16,2024/11/15,2024/5/26,201
106,0,0,0,1,285,0,0,0,0,error,error instruments brinta ,Barcelona,2024/05/21,2024/11/15,2024/5/26,96
107,0,0,0,1,375,0,0,0,0,dreadbox,dreadbox nymphes ,Barcelona,2024/04/09,2024/11/17,2024/5/26,322
108,0,0,0,1,600,0,0,0,0,korg,korg trinity plus + disco duro scsi ,Bizkaia,2024/02/16,2024/11/18,2024/5/26,625
109,0,0,0,1,0,0,0,0,0,system,erica pico system 3 modular escritorio ,S.C. de Tenerife, ,2024/11/12,2024/5/26,112
110,0,0,0,1,3300,0,0,0,0,viscount,viscount legend+pedalera+stand+banqueta ,Madrid,2024/05/12,2024/11/12,2024/5/26,128
111,0,0,0,1,175,0,0,0,0,befaco,befaco bf-22 sallen key filter ,Barcelona,2024/04/02,2024/11/15,2024/5/26,222
112,0,0,1,0,200,0,0,0,0,artiphon,o controlador artiphon instrument 1 ,Barcelona,2024/05/24,2024/11/17,2024/5/26,87
113,0,0,0,1,490,0,0,0,0,yamaha,yamaha cp300 ,Baleares,2024/02/09,2024/11/16,2024/5/26,1150
114,0,0,0,1,550,0,0,0,0,moog,moog minitaur ,Madrid,2024/03/30,2024/11/15,2024/5/26,425
115,0,0,0,1,200,0,0,0,0,kawai,kawai k1r modulo ,Madrid,2023/07/27,2024/11/12,2024/5/26,2715
116,0,0,0,1,150,0,0,0,0,varigate,malekko varigate 4+ black leer bien ,Barcelona,2023/07/03,2024/11/18,2024/5/26,2625
117,0,0,0,1,350,0,0,0,0,yamaha,órgano yamaha electone fs-20 + banqueta asiento abatible ,Tarragona,2024/04/01,2024/09/28,2024/5/26,346
118,0,0,0,1,100,0,0,0,0,midi,interface midi 8 8 entradas salidas steinberg ,Barcelona,2024/04/21,2024/11/15,2024/5/26,336
119,0,0,0,1,470,0,0,0,0,korg,korg minilogue ,Zaragoza,2024/04/28,2024/11/17,2024/5/26,423
120,0,0,1,0,270,0,0,0,0,roland,roland jd-08 ,Barcelona,2024/04/28,2024/06/27,2024/5/26,200
121,0,0,0,1,370,0,0,0,0,-,qu-bit nautilus ,Barcelona,2024/03/08,2024/06/19,2024/5/26,292
122,0,0,0,1,299,0,0,0,0,arturia,arturia keylab mkii 49 black + v collection 8 ,Jaén,2024/05/05,2024/11/11,2024/5/26,228
123,0,0,0,1,50,0,0,0,0,akai,stand akai mpc live mk1 env incluido ,Cádiz,2024/03/04,2024/11/17,2024/5/26,449
124,0,0,0,1,240,0,0,0,0,eowave,eowave domino desktop ,Araba,2024/01/07,2024/11/14,2024/5/26,1742
125,0,0,1,0,0,0,0,0,0,novation,novation 49sl mk3 por el 61sl ,Cantabria,2024/01/31,2024/11/19,2024/5/26,404
126,0,0,0,1,33,0,0,0,0,intellijel,intellijel patas 7u case ,Madrid,2023/12/15,2024/06/18,2024/5/26,2074
127,0,0,0,1,300,0,0,0,0,rml,rml electron fuzz custom cv ,Barcelona,2024/05/19,2024/11/18,2024/5/26,109
128,0,0,0,1,345,0,0,0,0,source,source audio ventris dual reverb ,Valencia,2024/05/19,2024/11/17,2024/5/26,59
129,0,0,0,1,170,0,0,0,0,behringer,behringer bcr2000 ,Madrid,2024/04/18,2024/10/15,2024/5/26,449
130,0,0,0,1,1199,0,0,0,0,squarp,squarp instruments hapax secuenciador avanzado ,Bizkaia,2023/02/23,2024/11/18,2024/5/26,3391
131,0,0,0,1,250,0,0,0,0,eurorack,wmd chimera módulo de eurorack ,Barcelona,2024/05/23,2024/11/17,2024/5/26,69
132,0,0,0,1,450,0,0,0,0,arturia,arturia keylab 88 mki ,Madrid,2024/05/21,2024/11/15,2024/5/26,110
133,0,0,0,1,100,0,0,0,0,-,m audio keystation 61 mk3 ,Barcelona,2024/01/18,2024/11/20,2024/5/26,1622
134,0,0,0,1,250,0,0,0,0,roland,roland ju06 ,Madrid,2023/09/25,2024/11/16,2024/5/26,2902
135,0,0,1,0,0,0,0,0,0,komplete,komplete kontrol s49 mk2 y mpc studio 2 ,Sevilla,2024/05/26,2024/11/20,2024/5/26,36
136,0,0,0,1,180,0,0,0,0,befaco,befaco muxlicer con mex expander ,Barcelona,2024/05/21,2024/11/15,2024/5/26,100
137,0,0,0,1,225,0,0,0,0,doepfer,doepfer a-100lc3v low cost case vintage edition ,Bizkaia,2022/05/25,2024/11/17,2024/5/26,4159
138,0,0,1,0,3500,0,0,0,0,vermona,o vermona '14 ,Castellón,2024/02/04,2024/11/18,2024/5/26,718
139,0,0,0,1,3099,0,0,0,0,udo,"udo super gemini, sequential prophet 10 module,,prophet rev2-8, pro 3 se, pro 3,elektron rytm mkii, waldorf m, ",Bizkaia,2021/02/17,2024/11/16,2024/5/26,25152
140,0,0,0,1,250,0,0,0,0,yamaha,sintetizador yamaha sy-55 ,Córdoba,2024/02/22,2024/11/14,2024/5/26,531
141,0,0,0,1,200,0,0,0,0,roland,roland tr-08 ,Gipuzkoa,2024/02/27,2024/11/16,2024/5/26,844
142,0,0,0,1,550,0,0,0,0,intellijel,intellijel 7u eurorack case ,Barcelona,2024/02/05,2024/11/18,2024/5/26,900
143,0,0,0,1,400,0,0,0,0,evolver,evolver ,Castellón,2024/05/05,2024/11/17,2024/5/26,282
144,0,0,0,1,550,0,0,0,0,korg,korg kingkorg black envío incluido ,Pontevedra,2023/07/08,2024/11/16,2024/5/26,3329
145,0,0,0,1,150,0,0,0,0,yamaha,yamaha rev500 ,Valencia,2016/11/07,2024/06/17,2024/5/26,6703
146,0,0,0,1,285,0,0,0,0,roland,roland xv-5050 módulo ,Madrid,2023/07/27,2024/11/18,2024/5/26,2779
147,0,0,0,1,500,0,0,0,0,make noise ,strega ,Valencia,2024/05/20,2024/11/17,2024/5/26,88
148,0,0,0,1,290,0,0,0,0,mutable,plaits mutable instruments ,Barcelona,2024/05/12,2024/06/19,2024/5/26,132
149,0,0,0,1,200,0,0,0,0,-,microkorg mk1 ,Castellón,2024/05/26,2024/11/19,2024/5/26,108
150,0,0,0,1,400,0,0,0,0,hammond,órgano hammond stage ii rhythm ,Córdoba,2024/02/11,2024/11/14,2024/5/26,576
151,0,0,0,1,5,0,0,0,1,novation,"teclas y para roland, korg, yamaha, novation update 11 2 2022 ",Lugo,2015/03/03,2024/11/19,2024/5/26,24649
152,0,0,0,1,325,0,0,0,0,roland,roland xv-3080 ,Madrid,2024/05/12,2024/11/06,2024/5/26,206
153,0,0,0,1,245,0,0,0,0,elektron,elektron model cycles ,Valladolid,2024/05/19,2024/11/12,2024/5/26,122
154,0,0,0,1,310,0,0,0,0,ikarie,ikarie eurorack ,Madrid,2024/04/14,2024/11/15,2024/5/26,216
155,0,0,0,1,1399,0,0,0,0,kawai,kawai mp11 se ,Alicante,2024/02/07,2024/08/05,2024/5/26,635
156,0,0,0,1,85,0,0,0,0,john,editor completo john melas para yamaha montage ,Madrid,2024/02/06,2024/11/20,2024/5/26,995
157,0,0,0,1,125,0,0,0,0,antimatter,antimatter subring ,A Coruña,2024/04/22,2024/10/19,2024/5/26,166
158,0,0,0,1,10,0,0,0,0,eurorack,eurorack modulos ,Barcelona,2024/05/24,2024/11/18,2024/5/26,180
159,0,0,0,1,190,0,0,0,0,studio,teclado maestro studio logic vmk-i88 plus ,Madrid,2024/05/19,2024/11/12,2024/5/26,112
160,0,0,1,0,550,0,0,0,0,kawai,o piano kawai mp5 ,Barcelona,2024/05/23,2024/11/17,2024/5/26,99
161,0,0,0,1,1899,0,0,0,0,modular,sintetizador modular endorphines shuttle system eurorack a estrenar ,Madrid,2023/02/20,2024/06/22,2024/5/26,3322
162,0,0,0,1,750,0,0,0,0,korg,korg m 50 88 teclas ,Madrid,2022/12/30,2024/11/20,2024/5/26,4220
163,0,0,0,1,45,0,0,0,0,boss,boss fc-50 midi foot controller controlador midi múltiple de pie ,Alicante,2024/04/21,2024/11/15,2024/5/26,244
164,0,0,0,1,110,0,0,0,0,nektar,nektar impakt lx 61 teclado midi controladora ,Barcelona,2024/04/11,2024/10/25,2024/5/26,176
165,0,0,0,1,80,0,0,0,0,korg,korg exb-pcm01 pianos classic keyboards para triton karma ,Alicante,2024/05/05,2024/11/15,2024/5/26,141
166,0,0,0,1,800,0,0,0,0,akai,akai s-950 s950 sampler ,Madrid,2024/05/19,2024/11/16,2024/5/26,138
167,0,0,0,1,125,0,0,0,0,korg,korg exb-pcm05 vintage arhives para triton karma + floppy + cd-rom ,Alicante,2024/05/05,2024/11/15,2024/5/26,153
168,0,0,0,1,950,0,0,0,0,oberheim,oberheim matrix 1000 ,Valencia,2024/02/06,2024/11/19,2024/5/26,913
169,0,0,0,1,3,0,0,0,0,pittsburgh modular ,taiga ,S.C. de Tenerife, ,2024/11/12,2024/5/26,182
170,0,0,0,1,180,0,0,0,0,elektron,"estuche doble a medida elektron syntakt , digitakt,digitone,etc ",Madrid,2023/06/18,2024/11/19,2024/5/26,3391
171,0,0,0,1,380,0,0,0,0,waldorf,waldorf blofeld black ,Madrid,2024/05/24,2024/11/18,2024/5/26,80
172,0,0,0,1,500,0,0,0,0,roland,roland verselab mv1 ,Barcelona,2024/05/24,2024/11/17,2024/5/26,46
173,0,0,0,1,75,0,0,0,0,-,cdrom scsi rw externo ,Sevilla,2024/05/23,2024/11/17,2024/5/26,67
174,0,0,0,1,255,0,0,0,0,mutable,mutable instruments warp ,Barcelona,2024/05/21,2024/11/15,2024/5/26,64
175,0,0,0,1,60,0,0,0,0,eowave,vco eowave titan ,Madrid,2024/04/04,2024/11/16,2024/5/26,228
176,0,0,0,1,2000,0,0,0,0,ensoniq,ensoniq fizmo keyboard ,Barcelona,2024/03/31,2024/11/20,2024/5/26,360
177,0,0,0,1,1500,0,0,0,0,hammond,organo hammond e-100 ,Sevilla,2023/08/09,2024/11/18,2024/5/26,1258
178,0,0,0,1,135,0,0,0,0,modular,2 buses y fuente para modular befaco regalo la caja ,Barcelona,2019/02/09,2024/11/18,2024/5/26,7168
179,0,1,0,0,0,0,0,0,0,korg,korg 01 wfd ,Madrid,2024/05/12,2024/11/14,2024/5/26,102
180,0,0,0,1,150,0,0,0,0,korg,korg monologue en perfecto estado ,Valencia,2024/05/26,2024/11/19,2024/5/26,70
181,0,0,1,0,0,0,0,0,0,elektron,lxr 02 y elektron analog heath mk1 ,Madrid,2024/04/23,2024/11/17,2024/5/26,250
182,0,0,0,1,210,0,0,0,0,roland,roland u-220 con tarjeta expansión orchestral strings ,Araba,2023/12/17,2024/11/14,2024/5/26,1863
183,0,0,0,1,900,0,0,0,0,korg,korg sigma ,Madrid,2024/05/19,2024/11/16,2024/5/26,192
184,0,0,0,1,900,0,0,0,0,nord lead ,4 oferta hasta fin de mes ,Madrid,2023/10/10,2024/10/04,2024/5/26,836
185,0,0,0,1,2000,0,0,0,0,yamaha,yamaha motif es6 + 3x plg150 ,Madrid,2024/02/17,2024/06/22,2024/5/26,880
186,0,0,0,1,1030,0,0,0,0,yamaha,yamaha modx8 + funda original ,Baleares,2024/03/14,2024/11/16,2024/5/26,369
187,0,0,0,1,500,0,0,0,0,nord rack ,2 ,Madrid,2024/05/22,2024/07/19,2024/5/26,103
188,0,0,0,1,4200,0,0,0,0,-,nord c2d organ ,Madrid,2024/05/23,2024/11/17,2024/5/26,100
189,0,0,0,1,270,0,0,0,0,akai,sampler akai cd3000xl ,Sevilla,2024/05/23,2024/11/17,2024/5/26,117
190,0,0,0,1,400,0,0,0,0,mordax,mordax data ,Madrid,2024/05/12,2024/06/19,2024/5/26,176
191,0,0,0,1,499,0,0,0,0,modal,modal argon8 ,Bizkaia,2021/03/29,2024/11/17,2024/5/26,7730
192,0,0,0,1,95,0,0,0,0,akai,akai mpd226 ,Málaga,2024/05/12,2024/11/15,2024/5/26,223
193,0,0,0,1,450,0,0,0,0,-,hydrasynth explorer ,Valencia,2024/05/20,2024/11/17,2024/5/26,193
194,0,0,0,1,80,0,0,0,0,-,teclado ni komplet m32 ,Girona,2024/05/21,2024/11/15,2024/5/26,72
195,0,0,0,1,380,0,0,0,0,instruments,instruments pioneer toraiz as-1 ,Madrid,2024/05/22,2024/06/22,2024/5/26,122
196,0,0,0,1,120,0,0,0,0,kurzweil,superrribon kurzweil ,Pontevedra,2024/05/22,2024/11/16,2024/5/26,102
197,0,1,0,0,0,0,0,0,0,volca,cables volca modular ,Jaén,2024/05/25,2024/11/18,2024/5/26,28
198,0,0,0,1,100,0,0,0,0,maschine,maschine mk i ,Valencia,2020/04/26,2024/06/17,2024/5/26,5624
199,0,0,0,1,2800,0,0,0,0,yamaha,yamaha genos ,Murcia,2024/05/26,2024/11/19,2024/5/26,36
200,0,0,0,1,700,0,0,0,0,moog,moog realisitic mg-1 - restaurado y con modificaciones ,Toledo,2024/03/18,2024/09/28,2024/5/26,1094
201,0,0,0,1,99,0,0,0,0,midi,controlador midi m-audio oxygen 61 ,Pontevedra,2024/05/05,2024/11/07,2024/5/26,213
202,0,0,0,1,224,0,0,0,0,cara,cara marbles ,Madrid,2024/04/14,2024/11/15,2024/5/26,217
203,0,0,0,1,400,0,0,0,0,make noise ,pressure points + brains ,Madrid,2024/04/02,2024/06/19,2024/5/26,223
204,0,0,0,1,230,0,0,0,0,korg,korg 01 wdf ,Barcelona,2024/03/28,2024/11/17,2024/5/26,423
205,0,0,0,1,480,0,0,0,0,access,access virus b ,Madrid,2024/05/26,2024/11/19,2024/5/26,26
206,0,0,0,1,190,0,0,0,0,preenfm2,preenfm2 r5c ,Valladolid,2024/05/19,2024/11/12,2024/5/26,157
207,0,0,0,1,1000,0,0,0,0,roland,roland system 8 ,Madrid,2024/01/30,2024/06/22,2024/5/26,1472
208,0,0,0,1,350,0,0,0,0,korg,korg x5 ,Zaragoza,2024/05/19,2024/07/15,2024/5/26,124
209,0,0,0,1,330,0,0,0,0,arturia,arturia minibrute 2s - noir ,Madrid,2024/05/23,2024/11/17,2024/5/26,131
210,0,0,0,1,480,0,0,0,0,-,artruria minifreak ,Valencia,2024/05/20,2024/11/14,2024/5/26,116
211,0,0,0,1,160,0,0,0,0,korg,"korg kms-30 midi sync, clock, tape ",Madrid,2023/12/18,2024/11/16,2024/5/26,2596
212,0,0,0,1,1450,0,0,0,0,elektron,elektron machinedrum mkii + soporte ,Navarra,2024/01/03,2024/07/01,2024/5/26,1500
213,0,0,0,1,0,0,0,0,0,eurorack,"módulos eurorack make noise, intellijel, mutable instruments ",Madrid,2024/05/12,2024/11/16,2024/5/26,254
214,0,0,0,1,190,0,0,0,0,yamaha,yamaha rm1x ,Barcelona,2024/05/12,2024/11/06,2024/5/26,172
215,0,0,0,1,499,0,0,0,0,elektron,elektron digitakt con extras ,Granada,2024/05/05,2024/11/01,2024/5/26,286
216,0,0,1,0,0,0,0,0,0,custom,cartesian custom system ,Valencia,2024/05/19,2024/11/20,2024/5/26,218
217,0,0,0,1,550,0,0,0,0,-,clon del syncussion sy-1 en perfecto estado ,Barcelona,2024/05/24,2024/11/18,2024/5/26,78
218,0,0,0,1,850,0,0,0,0,moog,moog slim phatty ,Castellón,2024/05/05,2024/11/17,2024/5/26,210
219,0,0,0,1,370,0,0,0,0,leslie,leslie combo pre-amp ii 9 pines ,A Coruña,2024/02/05,2024/11/18,2024/5/26,1278
220,0,0,0,1,529,0,0,0,0,strymon,strymon magneto eurorack ,Madrid,2024/04/28,2024/11/15,2024/5/26,190
221,0,0,0,1,475,0,0,0,0,waldorf,waldorf blofled key acompañado si se quiere de un previo a válvulas ,Madrid,2024/05/19,2024/11/11,2024/5/26,199
222,0,0,0,1,6,0,0,0,0,iomega,disquetes iomega zip 100 mb nuevos y precintados ,Zaragoza,2023/12/26,2024/11/19,2024/5/26,2207
223,0,0,0,1,390,0,0,0,0,instruo,"instruo saich, oscilador cuadruple eurorack ",Madrid,2024/05/21,2024/11/19,2024/5/26,112
224,0,0,0,1,2,0,0,0,0,oxi,oxi one secuenciador ,S.C. de Tenerife, ,2024/11/12,2024/5/26,176
225,0,0,0,1,799,0,0,0,0,kurzweil,stage piano kurzweil sp6 ,Madrid,2024/05/19,2024/11/16,2024/5/26,166
226,0,0,0,1,190,0,0,0,0,eurorack,optomix v2 módulo de eurorack ,Barcelona,2024/05/21,2024/11/15,2024/5/26,76
227,0,0,0,1,160,0,0,0,0,befaco,befaco rampage ,Barcelona,2024/05/21,2024/11/15,2024/5/26,60
228,0,0,0,1,500,0,0,0,0,akai,akai s6000 ,Madrid,2024/05/19,2024/11/10,2024/5/26,153
229,0,0,0,1,360,0,0,0,0,-,p1ioneer toraiz as1 ,Navarra,2024/03/26,2024/11/19,2024/5/26,315
230,0,0,0,1,70,0,0,0,0,korg,korg wavestation - 3 x internal pre-load data bank cards ,Barcelona,2024/05/19,2024/11/12,2024/5/26,99
231,0,0,0,1,290,0,0,0,0,mfb,caja de ritmos mfb 522 ,La Rioja, ,2024/10/28,2024/5/26,753
232,0,0,0,1,2000,0,0,0,0,udo,udo super 6 ,Madrid,2024/05/23,2024/11/16,2024/5/26,190
233,0,0,0,1,285,0,0,0,0,neuzeit,neuzeit orbit ,Barcelona,2024/05/21,2024/11/15,2024/5/26,100
234,0,0,0,1,120,0,0,0,0,arturia,arturia keystep 37 ,Sevilla,2024/05/19,2024/11/12,2024/5/26,90
235,0,0,0,1,70,0,0,0,0,arturia,teclat arturia keystep 32 tecles ,Girona,2024/05/21,2024/11/15,2024/5/26,132
236,0,0,0,1,400,0,0,0,0,-,morphagene ,Madrid,2024/03/29,2024/06/19,2024/5/26,224
237,0,0,0,1,899,0,0,0,0,roland,roland jupiter-xm ,Granada,2024/05/19,2024/11/12,2024/5/26,170
238,0,0,0,1,450,0,0,0,0,behringer,behringer 2600 blue marvin ,Barcelona,2024/03/04,2024/11/18,2024/5/26,457
239,0,0,0,1,75,0,0,0,0,iomega,iomega zip usb de 250 mb + 19 zips de regalo incluído envío ,Alicante,2024/05/19,2024/11/18,2024/5/26,100
240,0,0,0,1,450,0,0,0,0,korg,korg minilogue bass ,Baleares,2023/07/27,2024/11/16,2024/5/26,1178
241,0,0,0,1,450,0,0,0,0,behringer,behringer 2600 gray meanie ,Barcelona,2023/08/30,2024/11/18,2024/5/26,3241
242,0,0,0,1,100,0,0,0,0,novation,novation impulse 25 ,Madrid,2024/05/05,2024/11/16,2024/5/26,166
243,0,0,0,1,300,0,0,0,0,noise,noise engineering desmodus versio ,Murcia,2024/05/21,2024/11/14,2024/5/26,90
244,0,0,1,0,0,0,0,0,0,drumatix,drumatix acidlab reservada ,Lugo,2024/05/21,2024/11/15,2024/5/26,186
245,0,1,0,0,0,0,0,0,0,korg,korg electribe emx-1 ,Araba,2024/05/23,2024/11/17,2024/5/26,70
246,0,0,0,1,60,0,0,0,0,audient,audient evo 4 con garantía ,Sevilla,2024/05/12,2024/11/17,2024/5/26,280
247,0,0,1,0,280,0,0,0,0,eurorack,o case y modulos eurorack ,Madrid,2024/03/08,2024/06/20,2024/5/26,938
248,0,0,0,1,850,0,0,0,0,yamaha,yamaha modx6 ,Jaén,2024/05/26,2024/11/19,2024/5/26,50
249,0,0,0,1,299,0,0,0,0,mutable,mutable instruments plaits ,Barcelona,2024/05/21,2024/11/15,2024/5/26,60
250,0,0,0,1,190,0,0,0,0,eurorack,eurorack varigate 4+ ,Valencia,2024/05/20,2024/11/17,2024/5/26,84
251,0,0,0,1,650,0,0,0,0,organelle,"organelle m + funda, estado impecable ",Huelva,2024/02/13,2024/08/11,2024/5/26,376
252,0,0,0,1,110,0,0,0,0,novation,novation sl 25 mk2 ,Zaragoza,2023/02/07,2024/11/13,2024/5/26,3015
253,0,0,0,1,760,0,0,0,0,verbos,verbos electronics bark filter processor ,Barcelona,2024/01/23,2024/09/29,2024/5/26,427
254,0,0,0,1,100,0,0,0,0,eurorack,modulos eurorack ,Barcelona,2024/05/20,2024/11/14,2024/5/26,230
255,0,0,0,1,500,0,0,0,0,casio,sintetizador casio vz1 ,Madrid,2024/02/17,2024/06/22,2024/5/26,962
256,0,0,0,1,1200,0,0,0,0,roland,roland v-synth xt ,Madrid,2024/01/30,2024/06/22,2024/5/26,1550
257,0,0,0,1,259,0,0,0,0,roland,roland tr-06 drumatix ,Girona,2022/01/21,2024/11/13,2024/5/26,2481
258,0,0,0,1,339,0,0,0,0,roland,secuenciador y modulo de sonidos roland mv-30 ,Zaragoza,2023/11/22,2024/11/18,2024/5/26,2687
259,0,0,0,1,60,0,0,0,0,-,teclado startone mk200 ,Sevilla,2024/05/24,2024/11/17,2024/5/26,76
260,0,0,0,1,110,0,0,0,0,roland,roland u-110 ,Madrid,2023/07/31,2024/11/18,2024/5/26,2279
261,0,0,0,1,1690,0,0,0,0,system,endorphin es shuttle system ,Barcelona,2024/05/19,2024/11/18,2024/5/26,104
262,0,0,0,1,600,0,0,0,0,hexinverter,hexinverter drums ,Madrid,2023/10/18,2024/06/17,2024/5/26,329
263,0,0,0,1,300,0,0,0,0,ensoniq,ensoniq eps classic ,Barcelona,2024/04/16,2024/06/18,2024/5/26,590
264,0,0,0,1,100,0,0,0,0,casio,teclado casio ctk-3200 ,Madrid,2024/05/26,2024/11/19,2024/5/26,52
265,0,0,0,1,400,0,0,0,0,xaoc,xaoc devices odessa + hel expander ,Barcelona,2024/05/22,2024/11/16,2024/5/26,66
266,0,0,0,1,350,0,0,0,0,korg,korg micro x - edición limitada white ,Granada,2024/04/28,2024/10/26,2024/5/26,190
267,0,0,0,1,1790,0,0,0,0,roland,roland juno 106 ,Girona,2022/05/10,2024/11/17,2024/5/26,2035
